politica,dicionario,total_senhas_testadas,total_senhas_aceitas,taxa_sucesso,tempo_total_segundos
fraca,10k.txt,10000,9984,99.83999999999999,0.03529214859008789
fraca,top200-2025.txt,199,138,69.34673366834171,0.0006868839263916016
media,10k.txt,10000,4132,41.32,0.041207075119018555
media,top200-2025.txt,199,124,62.311557788944725,0.0011086463928222656
forte,10k.txt,10000,154,1.54,0.04190635681152344
forte,top200-2025.txt,199,77,38.69346733668342,0.0011792182922363281
